stem,H,W,channels,n_cells,cell_line,modality_token,gt_median_diam,fg_frac,img_mean,sha256_image,sha256_label
BF-HUVEC_Glx_Polymers-02_S131-0008,2208,2752,1,108,HUVEC,other,175.2,0.4792,69.8,a44cf915f5d4757a34a418277fb64a55c0bf47751b4639094c2147be1fabfa5d,5af9954fa8d34d9beb35f69cec2c1d2e233353b5c21025e8c36e798219179414
BF-HUVEC_Glx_Polymers-02_S132-0002,2208,2752,1,78,HUVEC,other,240.0,0.6413,66.5,25f898afd6fc657ac3ff68bcecd5041f2c12391a754bee9f39bd9d968be52055,8912da6d22acb05f9a9187108fc9f1294bca8fba3b0c010ce76282549283ae5a
BF-HUVEC_Glx_Polymers-02_S132-0008,2208,2752,1,73,HUVEC,other,198.7,0.4076,66.9,4275877a363b455717d5424ff8efbb77b17eaa28633f7173069f44fe8d0363c0,8e6132138b00f105cb836203d6a3aeede81d3e1034ff3293392a43dfe34649f8
BF-HUVEC_Glx_Polymers-02_S135-0008,2208,2752,1,77,HUVEC,other,175.8,0.3683,76.3,ca6f9262cac897f1530c57f3561d11b990f22ee78547108ffdd48ef7e6d660c6,028787c6881750b057976bd0bb91f163deb4a9f6a5aabcb39eeae8272a244470
CellsOnly_Polymer-47,872,1160,1,143,unstated,other,63.1,0.4898,144.1,32154ee5c9ffd96708e486c8792c95d4949bbd0f12b2d03d806dafb7e1214c7d,2ce2e660942b0b574e6ea5e3a5f5289151296daacb5daac88f9e3e3515771239
CellsOnly_Polymer-48,896,1182,1,143,unstated,other,69.0,0.5582,107.0,f8244e54da70bc1c61bb8a8475ae8345fbf132b43cb47763e838cf1d419179b6,79142a2a6e5b781a7cb2f4352dda7d79b60dc62b6213290ed9f71e866de02460
CellsOnly_Polymer-55,1104,1376,1,181,unstated,other,65.8,0.4417,124.7,883e2192632d2291dfcc9d52b7765d0e611402d40ab92faf475abda8a0e512ad,6884cdb7148910389b0263998b4183164ff1ab4887fa51b0f8edf2999e35a7dd
CellsOnly_Polymer_46,1104,1376,1,234,unstated,other,60.4,0.4898,105.4,2c3e7d813a005e5287ca377e1a8e5815c7fe1fd02ebb3c2099e933064e0eca54,6c478fa6d4ff1bd02d1abdfd3e2f79a06bd938d05abce5d3a6dc89d10e068afb
HEK-GFP-FumGW_CO_20x_1_BF,2796,2796,1,154,HEK,BF,136.8,0.3156,71.0,97a27562170c7e566914d6af21346f93c5fb2f726e16747930d11c0ddd13392c,562827d62d71a349156d3e9acd717408f4642c5365a031604caec2225ad2a660
HEK-GFP-FumGW_CO_Hoechst_20x_1_BF,2796,2796,1,155,HEK,BF,137.6,0.3134,80.2,bd577abc574a248339e2834388d9566af6d9fff9868e51852aef231e580c5bd8,77f89f6526c6e94ea7de20a3ea08e044bbe10086bdd124cf417e2ac95e21f52c
HEK-GFP-FumGW_P3_20x_1_BF,2796,2796,1,100,HEK,BF,124.3,0.1665,102.0,aff4fc2c1cc22d482c37bac30848fb0c05941e4718382616dd388074bdc3d6dc,7a86ac3bbb7e3fd31f12ac8da3407b891520e5e007c37b7cdd6ec1dcf0880052
HEK-GFP_10000cells_40x_3czi-C_2,2796,2796,1,66,HEK,other,263.5,0.5023,94.8,691dc03b362d8ac0b5de06c32ffeed97ac11d76121792b21ed714ae8eac8ada4,7c98a258029ef7b831e37d1c1749b71a1b6a52abbe9d29804a958c74b7d273d4
HEK-GFP_10000cells_40x_5czi-C_2,2796,2796,1,102,HEK,other,224.1,0.5647,91.1,bac743f165bde1294c2064d7763a072f9faf79a33b7960d56546b5c65e6da3b9,a83677be7c0f8bc70ac5faa8d1233ff3dd1c360dabc5c848b21d1dd1594706ec
HEK-GFP_12000cells_40x_4czi-C_2,2796,2796,1,104,HEK,other,231.5,0.6395,153.5,403c9373d0168f02221c4a9b1b8dac82750f6872f586e6dd6d3ae4f1a2a89b06,59e27248482b57b574f7ac78c5ff54d58bae07c380c9a7894816beeb0b182d66
HEK-GFP_15000cells_40x_10czi-C_2,2796,2796,1,61,HEK,other,269.0,0.4822,104.9,006ba0054b1521a12f03c04566a49bfe4864b5bb5f9dc8b4502aefde9b626eb6,6504bd1ee3f67ec3496e5b11ac726e282480b1cd63dfc75f7708d08e37b13513
HEK-GFP_15000cells_40x_4czi-C_2,2796,2796,1,82,HEK,other,204.1,0.3817,122.6,ed3bd16f488edf40db1e84813113d88068354b1326a8a10899a06817200cc245,7768473543fbccfaf1b1646456fa866584cc2139d95f7d87a782213b8a71372b
HEK-GFP_15000cells_40x_5czi-C_2,2796,2796,1,89,HEK,other,219.5,0.5224,111.7,63d93780250eb2b507e51ec5f1b7b2db89dff08434664ae0c657945778e93173,cc592e38f8ab5966d027622c06e1e2b46571d73e879b8b4ce43485fed2fa395a
HEK-GFP_15000cells_40x_6czi-C_2,2796,2796,1,73,HEK,other,264.7,0.5403,115.2,3614284553b43418980e9a313b262b11b70a5817ce7c3763dc0542d7f643d869,c5091b8acf99647ec99f2128f23022ec89d77b6ebd1a7180cd810cc9c614a006
HEK-GFP_15000cells_40x_7czi-C_2,2796,2796,1,59,HEK,other,278.3,0.4562,115.1,cbf007585dace07f1ba10f1cfc8488e17851f2168f3a59737ca4d59742717613,9129825b6e91ff88b48e608afab6a5759d0f8c7a479feb548efe3b351c077006
HEK-GFP_15000cells_40x_8czi-C_2,2796,2796,1,74,HEK,other,255.3,0.5599,119.1,7f564c5ccdd99442090ca20a537596c763bb4d2165f377d59f38219c8ed0dd94,7f6a2ff277d63316217921bf7a154606666b6bdc6e4c944bd592f3d5cd1cd8b3
HEK-GFP_15000cells_40x_9czi-C_2,2796,2796,1,68,HEK,other,234.4,0.497,119.5,69c64a13a968a9eb05a25a47d5fc9ef1219338ea4fd9c3cf606358990e4f18d9,aa1ce8af8688189903538cd4dbbdfd28e1aad54bae8868d69b4b22ddda173bf6
HEK-GFP_6000cells_40x_2czi-C_2,2796,2796,1,62,HEK,other,241.0,0.4116,97.5,4b1cbc0570e664013c7ae48a8f93109dfc85b2bfb7f82379c8a3223c2b0a86ae,5f1892f344b562cb6c535bfd4fc79868ad8ffc2f365ba2abf9cafd4b8ff5eaf4
HEK-GFP_6000cells_40x_3czi-C_2,2796,2796,1,47,HEK,other,239.7,0.2873,110.2,96feac1a510ff03cd3866fe3b7ff0a50e61feb6dfacc355bf93b72ccb1d47d3f,52d8dd9981dbd94f97ab212c42bf76b58506b7a2a19d203b6855bb1a19a4010b
HEK-GFP_6000cells_40x_4czi-C_2,2796,2796,1,61,HEK,other,232.0,0.3528,90.7,ca034d3ed17cde4f61b86bb6ec2575bd4ec3f675dc507258c9465a8d96b5cff2,80074cb4b91289e3b38cbbf634ea9efe5e80437cc7fb41a03b5dc6a531b7f9d7
HEK-GFP_6000cells_40x_5czi-C_2,2796,2796,1,68,HEK,other,258.5,0.4668,115.2,21d9afe03eb5ff92e000fc2d4f32295fc91e7ec98ab1c63188c333e6229a253d,35990b28782aa8e4ac04d2a258c3e7ae7caf9ba26eef18de484e002baef6b081
HEK-GFP_6000cells_40x_6czi-C_2,2796,2796,1,119,HEK,other,221.5,0.6303,87.2,dba29063efdff1f3a278af01a034eb2ccd2c4503bdc66001ddab66a3c46f6659,83c36e728dbfc40c49713dc227a613b875d17ab5267fb03ac9cb478321ced6b2
HEK_48h_5A_z1_C004Z005,1024,1024,1,149,HEK,other,71.9,0.6584,131.0,5fafe680201939e4ac164f734b90b06b66200f652ad5f4758574cd9c33f9a57d,d6c824a17ac1b37a55ecedf5a0fac2fd104380207fe6456956f2bd431e265049
HEK_48h_5A_z2_C004Z004,1024,1024,1,83,HEK,other,79.4,0.4523,130.9,57b967090d9e14d1a938d6e4050df37284424028e649cf9297ab664de34a28a4,b7e187fdb0f06971554eab5f29c6f8f9c18e169413313dd59f37011340f9654c
HEK_48h_7A_z1_C004Z005,1024,1024,1,134,HEK,other,79.2,0.6432,128.6,b0b5a866a1cb79127ba0bc67353a7f999fb31c708f292aca581496e09c596a41,11d522e018ec1191444e8c2e9ade744d6bfcc0a1cd630de123b1bb4c6b0041b8
HEK_48h_7A_z2_C004Z006,1024,1024,1,72,HEK,other,85.4,0.4422,128.0,027589e7ea73de8321c4001a05a2410b4cdf515d139324a818544152893659db,383109382c8bb1daa5e577f90ec09da349dd69a3263978de3f221ac6cd35e557
HEK_48h_FumGW_z2_C004Z006,1024,1024,1,204,HEK,other,69.0,0.7931,132.5,71d9d89910c144433178274cab22f7365b17701caf7645863e6f2e418a5dc773,a267c13a085de398a7b34878efcfc936c23f4092aba9d83c9a9d4605eba5b060
HEK_48h_LAMP1_z2_C004Z006,1024,1024,1,123,HEK,other,71.6,0.4929,130.4,ac3e71ecf1706bce2e19312fd42cae9e06f70cff5146a1a2ff81299ef63fced0,2f36da51e9943400759d0b20f0d75b3ec6e2df4d0bf8512c53b020aa72bd7237
HEK_48h_LV_z2_C004Z008,1024,1024,1,91,HEK,other,73.6,0.4026,130.4,5a5818794f3f16319a9815bd4e9bf81e7a0f73f513427ce80ea37f7406728083,eb0c729cc439ce19d063b4a1ab28bd1316b984253b26941ed2b9a8aa3fc89c41
HEK_48h_TREX_z2_C004Z006,1024,1024,1,116,HEK,other,83.4,0.6328,131.0,fbd782ab1dec2cdcfd57e6fa112be6301f4fd3f63f2089c3206bb40f7cabfcbf,5068d25878cee11de72160ea28e1315022af9b068bf841a9e5333d9af9a7e660
HEK_48h_control_C004Z006,1024,1024,1,253,HEK,other,68.4,0.8838,129.2,4f9e18a38773113dc77202a07dc3182fc2d4480284fc69147b8672609e40859e,feb813be1712f56aaa0b2ee0a27dfa0804de4d3cc73dabfeca02f6a5f182221c
HEK_6h_20240306_CD44_1_C004T001,1024,1024,1,126,HEK,other,73.3,0.5358,131.6,0705ffd36a97239ff903371161a9f6f0007b1476f9117a452a34799b6c5d1b00,efccccc06f14607e96aa0bbd311c2f00d60991e923107e568299a145f94ac213
HEK_6h_20240306_Ctl_C004T001,872,914,1,53,HEK,other,102.8,0.5466,150.9,9fffb7e6af044a39f7365e7b71971c9564ef6f19e15810864330393a0d2c527a,12e2877b56b19e72965746b23b274eac0aa38102908584573551da9b633dc628
HEK_6h_20240306_FumGW_C004T001,1024,1024,1,264,HEK,other,59.0,0.7417,88.9,1bdfc3661c01861f37c1eec3edfe6dc901f0be115c9dce2d05d9c259aa4e53ce,0fd3735f67d03a137523dc95da79258892101ce5cd1b27cc9b55d4763c76f96d
HEK_6h_20240306_LAMP_1_C004T001,1024,1024,1,152,HEK,other,72.6,0.5721,125.7,bf3608798358a5bf07f4022fc7ebddfa7f5f48eb047792f1797aa2847c243a3a,a2bb0a3620ed5a815266e5d650a5552e0fa5f2acaadb56a764779e394bba8854
HEK_6h_20240306_LAMP_C004T001,1024,1024,1,221,HEK,other,69.5,0.8095,123.2,8d5ea9ca5a0e6b11322baf9528a5f92899ce35c6472c04eaf8b593f4bb1918c6,f9e5ea5bb99516e86b76d9f49ca0ac3e61096f4ae6148caecf97287563386ce0
HEK_6h_20240306_LV_1_C004T001,1024,1024,1,125,HEK,other,76.6,0.5804,121.9,86fe062b61d635cd310b3eb19c4680ec296fafbb827e28edae52347a75060ebe,26a22f73116129ce950ca153173ef04422743175ffc30f30ea53e9a109894abb
HEK_6h_20240306_Rab5A_1_C004T001,1024,1024,1,69,HEK,other,79.0,0.3624,122.8,2abbdb80a5d14257efc457af67775140fc43193f1fea505c3a6047d50c56d4e4,42e491b4b31040282a4596c76c12a3ef1ea1a02c987a096ea91cc274486738b2
HEK_6h_20240306_Rab7A_C004T001,1024,1024,1,87,HEK,other,86.0,0.4742,122.9,d5b15d91accd40fc4e8deb9b8c7300747d4f24b19ec8635892877f9ded566d86,b8ec952a6aa27a960660983e440713aba6b89ae2d9696c5b894b0009a92664ec
HEK_6h_20240306_TREX_1_C004T001,1024,1024,1,146,HEK,other,77.6,0.6752,127.3,e0df593ae11854f68988194d0e946c6abe6fca1795a1f04c915e61d61656f5a2,da4e9e372b10c319ce81b27d9acd81815a216db0100d49bc1db18ad5c11fc993
HEK_6h_44_z1_C004Z008,1024,1024,1,175,HEK,other,72.8,0.7567,132.3,c6053cef515acb4d2f98971f246ef52ae7169bb4e54d013a9b1019ccff9f00e1,f96683c78b549acdad5c9eb5b7b3e79d57d980579b39c335c3945f206cb9f5cd
HEK_6h_44_z2_C004Z006,1024,1024,1,109,HEK,other,75.5,0.5095,131.2,a39277507ecefc035a0a5bdc5b7d7e7f88907dad1875e7fd465544b926ac5d70,ad9c55778c68fb8e17f4defda4c2b83d89205a475204a524779e1d84572052b3
HEK_6h_5A_z1_C004Z005,1024,1024,1,256,HEK,other,67.0,0.8847,129.5,ffabb7d6238cbfb60ae531cc2604da733855f6b785b4d528c656a27080f8095f,f3dfe57d98f4d5e43a797824ad438e54b5c6f15ece53386c44c81e568cac904f
HEK_6h_5A_z2_C004Z007,1024,1024,1,68,HEK,other,75.3,0.3526,130.2,0e8061fa7498e8101dd6fcacb7373e5dc117899d77c0ae65281ff36f47e2fa1d,39afb9b5ad65e06f5a7dfaed9d647122cc1574366713206d12cad8c5aed6b942
HEK_6h_7A_z1_C004Z005,1024,1024,1,222,HEK,other,72.0,0.8973,129.4,12617abc3965b12677b58213cffb4cc96aa461c3784f62aa2a82f98ca2456b8e,8cb1dcffba8ef15ff48aecbbce460b4f8ec67c0652ce6f142c0e1309caf33969
HEK_6h_7A_z2_C004Z008,1024,1024,1,96,HEK,other,77.5,0.49,129.5,5c2165fba98cc0601ed4fc5985fa8fa250bde1423e69223b90d06597e16d2014,8e95901e90f71a8f24ea512f99566f72f2b0241616e53fae320fb7f6295a7403
HEK_6h_FumGW_z1_C004Z006,1024,1024,1,105,HEK,other,88.2,0.6871,118.1,41c89e27524e5db64119c880d49f5e8a144925dcd190c9ec31a296ec89f73f0f,0667dd5159fafc94f5e9eedf77b628b67f512b8d35ee9793d6168da1858a639e
HEK_6h_FumGW_z2_C004Z006,1024,1024,1,203,HEK,other,70.8,0.7788,130.2,a4a2874c8fdbf7b87fa2ee21a9be91839d1cc8f6efb4e50d4adedab0342a012b,9d599fa7018079459b1c44fa5c9bb695d9d69b31d5137f482d7e022c2e389e93
HEK_6h_LAMP1_z1_C004Z006,1024,1024,1,252,HEK,other,64.9,0.839,133.0,9aab45c409ca39952bb00c358058d1bb3a0b1dd379142b1d7851d446c46179c2,b9b3d2b7efd960f6a3a55c3c078daecbceaf1aff47396df5200343702d9143c4
HEK_6h_LAMP1_z2_C004Z006,1024,1024,1,118,HEK,other,69.7,0.5006,133.6,610654f492d51e84847bd7db500b5809302766f261acdc75fb2a95ab3ade7881,9910085348b340ecddeb11eeb2509399d54708f75e503b193ec8b72fd164be77
HEK_6h_LV_z2_C004Z007,1024,1024,1,76,HEK,other,75.4,0.3687,130.6,582ec3e72416d8cc59b749fb93da72b6a4eaec430ab1e95c1e9abea645ba2078,8c8f1897a399617a5c92cba84d563b416cd418657c47d2908f7b7f1d8fd23ad5
HEK_6h_TREX_z1_C004Z008,1024,1024,1,198,HEK,other,72.4,0.8021,133.7,1a1c824b0b370c67be4a532e7944042a743cd2d79c6c09cf565117b096566712,3016feb09f856711afb341d5f40c0a406852c1cdc08b9443671a1bb7ae018da3
HEK_6h_TREX_z2_C004Z007,1024,1024,1,89,HEK,other,78.1,0.415,133.5,ced87b16e24e9a170af417463b9bc1dce3965c0d4e9a3903b68873d16b59dff1,d27d4f3a18cc8d1388eb8283770eaf59768dd32055c2cc03cb6e90dc11958403
HEK_FUMGW_GFP_2_BF,3440,3440,1,100,HEK,BF,147.4,0.1494,140.5,5133b3e7531b9ee52a72a629d20b7ffddd1352f958dd78189c8b2023b134a575,79781e6b234df631cf12b7c55d7c9394e45d3064821e31b7097264189ed3b1ed
HEK_FUMGW_GFP_3_BF,3440,3440,1,84,HEK,BF,139.9,0.1167,182.7,3808f835f17de3ba6563732cf6d0f30654b0280de83e09441359c318f3daab71,03677bafdcbdddc1ab59d8242ec44e0e76f323175e6c9c16bd5b04c57f9d2a2f
HEK_FUMGW_GFP_4_BF,3440,3440,1,92,HEK,BF,150.6,0.1509,149.7,d7bfb8c81988de7cda15dd5a003b28ab713547765631d232957fff886d4f2ed5,01c864779ef3e82c2a953c36d5af73d2d8b06c3e63a46e7fb4b577f12bf28f9e
HUVEC_CellsOnly_CD7_03_75,1104,1376,1,52,HUVEC,other,115.7,0.4091,178.8,e5046f875c25e6648146e868ce1305810843bf06444f354da82ab0e0c613fd71,4752a2938211964e0e4cc06c75911fb5c3c0dd7035ba532214320788d2cd1ae5
HUVEC_CellsOnly_CD7_06_78,1104,1376,1,72,HUVEC,other,126.8,0.6066,82.0,4be093a5ca3d5e4bf218aa392147ea268f72548860c981bb93f17adcad3f6254,f5fc012bc68e36647bfded302242eb2c4a8d70b3e463b0bcb960b3fa410ff182
HUVEC_CellsOnly_CD7_07_79,1104,1376,1,73,HUVEC,other,119.1,0.5634,127.4,2261cb97918cf35b001f149e20b65091669b0d5e691c3eaf82ba6bb218c1b961,e91b28464ac6ab3bb974db6cab709db67e889950473e39eebd94672f5ec18ad3
HUVEC_CellsOnly_CD7_08_80_0010,1104,1376,1,117,HUVEC,other,121.8,0.959,71.2,3dc02a256d3ec614a65e10557c7b34c2a0e2de91e7d5bf8db66eefd48a85e80f,d4f02a6e631d0a38a306c92cbef6ae1173801cdd3a1aeeb31f40b7eed31becb1
HUVEC_CellsOnly_CD7_09_81-0008,1104,1376,1,97,HUVEC,other,128.2,0.8321,179.8,4a5568511bcc55bf636f30a7d4b8dcfccd335450c70dd230f1f5f8522b1ec266,7fd06dffbf6bb93801f9c841d5870ad67264908ed2e0a42da8a3ec44602b03de
HUVEC_CellsOnly_CD7_10_82-0006,1104,1376,1,89,HUVEC,other,128.9,0.8112,72.7,8041dcf556787b21f4729e0deb0376e1c07a5c5c854b341bebab30708507e46b,3fae3383e23ea020e49cb0b6e90f12d965cdf222bba176fe017486faccfa0483
HUVEC_CellsOnly_CD7_11_83-0002,1104,1376,1,55,HUVEC,other,128.4,0.5861,162.2,26861c1bd796b7e5622293774f09ef3f938a4727b61d4feb2a69bd9da761d4f1,e7ec91cdddd7439a74f52a2dc28675ee59bb5a2ab7b8dcb3e20a04c28876e1d5
HUVEC_CellsOnly_CD7_12_84-0005,1104,1376,1,89,HUVEC,other,125.1,0.8259,81.9,069537894153d9847568d2e57439dbc3a0e3faaa051a235163c3593becf78bc0,d27174bb4e80388d539359f8783eb4002247c130e75c082076879d970479ea3d
HUVEC_Cellsonly_CD7_02_74,1104,1376,1,49,HUVEC,other,138.9,0.5086,70.3,7629d385438d00f5ce94e78684804056d20c3cb230a3f80f421d7443dbb9591e,d6360a2ac1bbfd6e423e51c89339f5ca745a1de75e931d3f3b65221785b99664
HUVEC_Cellsonly_CD7_04_76,1104,1376,1,99,HUVEC,other,114.7,0.7311,53.7,ae49ff389a255ac0967f14c04f7f5c3458defc58bd53776ac58d3412c40df424,eb74234cf2bec0662cac547de2e09c433588b56ecb4c45000fc1314b536e033b
HUVEC_Cellsonly_CD7_05_77,1104,1376,1,64,HUVEC,other,125.9,0.5541,182.6,d5394803b9ce5e6b62eccbe27e5703c606e3c968e64af7c50e9912df655f3c6d,a8ddf31bf76bd2b135641f63e2d8e37929501b54c50f07e74a33c48720a4b5ca
HUVEC_Cellsonly_CD7_09_81-0007,1104,1376,1,87,HUVEC,other,129.1,0.7729,191.2,d4a72ad2176221c15125363e8227e09cb9f5a7cc8ff0a3077a63858e222ef2af,94db58c95668c720c8f6a961fae3321d3264550dfef78b07e03c9039cf3a251b
HUVEC_FumGW_01_061-0006,1104,1376,1,68,HUVEC,other,108.3,0.503,192.3,a2c9c0913cbc12e2ca22d1310c3637cd78ac3d5e6a375107f640d066eef89931,2ff63e71ccc7506c8c012b0ad69cae11ac20cc6da224451af28c02f153db81b3
HUVEC_FumGW_02_062-0005,1104,1376,1,58,HUVEC,other,103.4,0.3531,90.9,136ff04a69cb9acfd812968443fec2c26dd09fd2b1ae57a280576a41c88b157e,d5d3a4d6fe9c6932f2bb8f8a8f996fe6324907135d1781047cd7a4c2013f77df
HUVEC_FumGW_03_063-0008,1104,1376,1,60,HUVEC,other,109.5,0.4367,171.8,920f1be9b35a8705bea3f8a7865948e0c061018d2209cf480b4aab638413dfa8,8161daf728e951c9dc0134fb2b48855429be2ad78b7761f2f46a72becd7954e8
HUVEC_FumGW_05_065-0004,1104,1376,1,49,HUVEC,other,128.6,0.4332,170.6,2daabdaf40639e5d819fc1604a0dd8b0632004a60d019e35d9476cca56f7d8fb,c5ffa029f018c6fecbf2bc6ef243476196b560b295716f84cdfe4ede93449762
HUVEC_FumGW_06_066-0006,1104,1376,1,44,HUVEC,other,117.7,0.3193,80.7,47fb58ae18b96f15a9f2fca8ccd79b91401106662c81491a33541c85c0da7313,e04feb558a5f0093dff264ccc08efee3207b3f1a8d86392ec02adf8655a4f012
HUVEC_FumGW_07_067-0001,1104,1376,1,58,HUVEC,other,115.9,0.4514,172.6,1d1e4184cd33745a55fd35ef0db1e1a22b70f05d06603c5bbc219453f6e39a57,a95eedc403e06971c88de527a435466b25831004d51652ec9582cf5f6b1a5f53
HUVEC_FumGW_08_068-0007,1104,1376,1,64,HUVEC,other,100.6,0.391,60.9,204c0434b7c7fe3ee08c72849d610c3d0df94744e480b49cb9eeb2348a1ee726,8108285b2cc97592d3c52c07196ec7add754bc51aa38a7e92df6d980c70ad19e
HUVEC_FumGW_09_069-0004,1104,1376,1,36,HUVEC,other,105.2,0.2226,185.0,f1966b48f67fbd074fe0b74f29a783a857291234b28822e0d1aad37bf1855faa,998a410eceda7a80d3f795723f85cc082fb72776e566a942a872b2041ecd0403
HUVEC_FumGW_10_070-0006,1104,1376,1,41,HUVEC,other,105.0,0.2656,83.3,35d66999b32be1bbce3b4ba68a8b2c4e2ebc3d31f758c03eaab2967c5712f724,da207da2d69ebb84dae309124e44cf2c46eb2ed49280dd8735fc47758c04b2d6
HUVEC_FumGW_11_071-0001,1104,1376,1,60,HUVEC,other,129.2,0.5311,164.5,6dc9aefd87415ca8f7c9b8d56ef022898321f6f8cee1f7922e1209986b6ab5bd,04d776b5789b837e7b98d813bf57e463ecab41fe0c149b44c056393debb9a61b
HUVEC_FumGW_12_072-0004,1104,1376,1,52,HUVEC,other,115.9,0.378,66.7,aa43fc3d4eb3b23a2123e06769357fe41fa1f8ffeed570e0a4020791020e346c,d0ff807492ad56d206c86d6ed55273741b7f89f1a1756fab8bb0a02fa0f9e6e0
HUVEC_PH_03,1104,1376,1,51,HUVEC,other,123.5,0.3945,159.5,38dc5cf3b4bd983328ad61d9b2b637f6d465929bafdc29e96e0bdda10626ede7,247b482e2d06292dde76817e8ef3780b92a549b8166308879f20089fc74c3757
HUVEC_TREX_CD7_01_1-0005,1104,1376,1,47,HUVEC,other,115.5,0.3497,190.8,c84e187e6dbaedabc3209686988db4ec4ef5df70b720dd39491cc1fee7c9d00c,8c48b20ad41e4f2717528fd089ce9fa58d26040416a3838ff87cb10b74e97729
HUVEC_TREX_CD7_02_2-0007,1104,1376,1,19,HUVEC,other,118.5,0.1537,85.3,f9b4c3d38ad6aa346088f738dbcd9e817db3e7f92a3a21ab66af310a05d28739,f0add0b43a3f731a52d8068cbd63a8151cff042fd9b45b18134c531bc867707a
HUVEC_TREX_CD7_03_3-0005,1104,1376,1,42,HUVEC,other,117.5,0.3767,173.5,f0f9eb18d7bfbc3e4ad6f42034900e8ff33a059c36a0832316712f32c4045c69,5cbae92679f2cbc2487b7c3bf69eb9ad883fa54354a65b874cdfdb709c307b3d
HUVEC_TREX_CD7_04_4-0005,1104,1376,1,43,HUVEC,other,101.3,0.2757,67.3,02de5188c15aa5386ced6b3a81ccf2f045823eb04cda8adc2e13cc7286dace59,dc8eecc19f9fbee894d0e0424904ad37228748ccd3dbec5a54808024f52a0b57
HUVEC_TREX_CD7_05_5-0015,1104,1376,1,28,HUVEC,other,109.3,0.2266,194.0,70c957fa65372da9896992696f9202992970cd1027f8aa7992aa11754b237888,f1dd21e2b32e6e754d38b580a476f57d976023cf48c62c7bf64808d12edf7b4d
HUVEC_TREX_CD7_06_6-0006,1104,1376,1,45,HUVEC,other,117.7,0.3379,83.3,153c6ab9966270b0e0f0a914716ba79b0744805f26cc8b68ca4d86afbc1318f0,c99601404ed41f59b11ceff897e834890eb62ea58e108495b01f3dba901d65a3
HUVEC_TREX_CD7_07_7-0001,1104,1376,1,66,HUVEC,other,127.4,0.5616,155.6,6f6382191df1568fd020ca0fcfa6656f1cb6e7539e5f168e20b0ee9caaa68f7f,71b1977ccb027fa9c94c11c6aae91904e011d0be08d80f4d2c061fe74086e447
HUVEC_TREX_CD7_08_8-0006,1104,1376,1,50,HUVEC,other,108.6,0.349,63.5,1b83237ce99a93b51b775c61d025d2b1b676db5ca4e1901a892f24e5940a42bd,c53cdabdc7d7ced5bae1df6bce1b03d3323da163a49fbb14c41016fccc92e771
HUVEC_TREX_CD7_09_9-018,1104,1376,1,20,HUVEC,other,158.2,0.2568,194.1,17e61e958746ff5c64cfde949172541b69223702a321ead4a437fd9a384f81b1,722a6d2a0eaa0f30f69d607bb5d067a6f7c8fe4f29a01697c9437531a427281e
HUVEC_TREX_CD7_10_10-0006,1104,1376,1,49,HUVEC,other,116.3,0.4486,80.5,27c3a297f9fcb875545c4c07ad114719b74d263a28fdf91f546f8d05c0e4873a,27137146170540d47a5299b90b9ac5fcb7a6daae5cdac6d0c09b2d26cba9cd46
HUVEC_TREX_CD7_11_11-0001,1104,1376,1,60,HUVEC,other,136.1,0.578,165.2,6b86aa4ffcb60762e4418d2aade8fddab9c2c05ced4d550ea1484677a77e79ac,351aaac181806777b86639281d6bd105957010a55855751e818cfcd95581e9a5
HUVEC_TREX_CD7_12_12-0005,1104,1376,1,50,HUVEC,other,121.0,0.4042,65.9,28b5746a3fe011ca7b5c8309453aec240eef57009e9ccb78b0f6ebcff5597169,b241e0379549b821f80bb2d3173924858bb4dbd13c18553b842c1e5c9f070496
JP_Polymers_17h_20x_CO_1_BF,2048,2048,1,195,unstated,BF,136.4,0.7586,105.3,7e3c8628c87149cb733fee19e9dd4cc8ac6154e430c53510aaa65b2f57514540,2afffc37f04dcfdac5b0f6a22b0378a22cb3a286a7488e9406f45e84613b0dec
JP_Polymers_17h_20x_P1_1_BF,2048,2048,1,171,unstated,BF,149.4,0.7845,91.8,98407c41d434cbfbfbebdf56da185c2a5cc33e7d5809ce28dc83698cb2598ddc,5ffdaaa320e855fc470fabc4d912ce80243cf85dafd82432b1ff63b125c175fa
JP_Polymers_17h_20x_P2_1_BF,2048,2048,1,188,unstated,BF,141.8,0.7584,93.7,4b25a67203773de06fc61a9f62cf29753d8f30c949893998bbc3819e6de0ecc7,531e5761a61c570cb53d468cb5ce1489e61c65a068b80d5d46639a4067ce288a
JP_Polymers_17h_20x_P3_1_BF,2048,2048,1,193,unstated,BF,149.4,0.8497,103.5,d125517b753d2f113ff0dc2063af1f118e7e085e07d3390b02ba9761a6bce642,e5bb6b1f8739e8b491d8c9e42884a1ec5cd591dc7f4cb3633fb0b70acaf44f41
JP_Polymers_3h_17h_20x_CO_1_BF,2048,2048,1,200,unstated,BF,133.9,0.7332,98.1,6075e17198f2c99678c7fbac7f260233cc8cb7a697234925f3643800260a2126,6d582dfaa735eb448b676817fd7cae51f0c0e8b67788f419492c98ebbe074142
JP_Polymers_3h_17h_20x_P1_1_BF,2048,2048,1,191,unstated,BF,130.9,0.707,110.6,eea1744cec49714b2c4c9f247cc5ca8ab5d1af8671bca46f2769337821363645,a51f73c164e30dfa6ca9d2c66991f02e78b86f92e3b94f8bb9b5af2fd2986987
Lipo_20x_1_BF,3440,3440,1,38,unstated,BF,268.2,0.2531,47.0,919359b6d6e2c9da6b372bf18e14a8eab03fe21ddc2e580283cecdc00e394c0e,dccf66b54add4d2bed5e943fde8ca3d79114b09f08f411cd72935a90b39367a5
Lipo_HEK_40x_1_BF,2796,2796,1,30,HEK,BF,239.2,0.1526,70.2,d340a876b0d5f5d1ea06c74660700c6769f2e0937dc08bb4721fe9075fc7c3de,6a9f1d013098f754c491b4f598a69c95e789419e7dd6bbf23ffc71ac14d5c4ff
Lipo_HEK_40x_2_BF,2796,2796,1,38,HEK,BF,243.8,0.2341,91.5,f64ca7f71a100ba64e2182a91fb57aa77215a40c3783a33d5d0445ef61505828,388782b0d70d03171ceab7e7908b36a6c95f4cb6f9a8556f0f7443cabc1b6136
Lipo_HEK_40x_3_BF,2796,2796,1,37,HEK,BF,241.8,0.2169,97.7,2a9ae0fc15547ca55304102d2bc5d7509d537a558df5492481f1286246bbf6b6,7a3326b24399f43f7497f1a43782f6d4b007956a83ed55ffd6d05badfe0a23c5
Lipo_HEK_40x_4_BF,2796,2796,1,28,HEK,BF,271.5,0.2213,106.8,3363b8f441e1abf2c24fc80e9fc29d0b6dddf13757bacc12d2d0e7c8969eba8e,f94d82505a820cdd85d9109fd2177c18da6d4d74f0b79b9be08786c6e44e0aa6
Lipo_HEK_40x_5_BF,2796,2796,1,46,HEK,BF,212.9,0.2517,109.0,23caee8c9d6387552a2ef4bdb3ba62a4c797f6acabdb5b5ca35bb78538d5da13,13ac7904463f245675e9943a3262880cbb6fb7d3248cdfc27f0326ba26f4db82
Lipo_HEK_40x_8_DIC,2796,2796,1,49,HEK,DIC,178.0,0.2355,156.6,9836617f981201be831f82d239adb98ed0f90482769ac6317c48a03782e9636c,da684f9341bd5625dcdd9280b6ee0ac66cd74652b983ea55a6c9e534cd95837e
Lipo_HEK_40x_BF,2796,2796,1,38,HEK,BF,271.7,0.2714,106.3,cd6f602529c5983e5d12c465c31369bf7d3fa294c14d47926332a297ec016f87,a0acde45cbd480116d7e4678998e03fdd7a1654d15aa70c3369b6a8c54fdbc6f
Lipo_siRNA_HEK_40x_1_BF,2796,2796,1,49,HEK,BF,217.1,0.3031,105.8,850da2e255689851bd918925e545c64b327a071af39d3c23a899dca3e28dd35d,6953b88d50a361ad53214dd17eed504ac2cba010fde5a066912d2964662a651a
Lipo_siRNA_HEK_40x_4Speed_BF,2796,2796,1,54,HEK,BF,213.0,0.3014,92.5,0ce6c49b82ab64b061f618405f5d3b3c00711c18b2604926b7b530fc23f86ecd,6308c693c8a7b8ed7722c5a7173cb645ffb51e7b59ceffc568f24dbbd3fccd21
P1_4_40xoir-C_3,1024,1024,1,31,unstated,other,142.9,0.451,114.4,e897d724adf04cbbc7e05089a0a04447a90efcca8e14aab02a03a11b8df09580,741f0c259225c8fad36828f0f5e0e40bd429d91d899293191f6857f80c44a259
P1_5_40xoir-C_3,1024,1024,1,32,unstated,other,121.9,0.4067,104.4,0b8ebb9521327172813f2666c37445a5a2b1247aeca31f2cd362b7cd7f73169f,d0365d71b1dbef84cb5a75d782a63000535e5b31506a7e2dd3f82d2c5db52b56
P1_6_40xoir-C_3,1024,1024,1,39,unstated,other,124.0,0.4448,96.0,012489df9cdd32f08ee247daacd40d4289825fdb86244970d2effa615ab1d5c2,69ed8b6362c9f9164f5e6d5d824f148b0aa6e9689d2abb71e7429f8610a59cd9
P1_HEK_40x_2_DIC,2796,2796,1,29,HEK,DIC,282.0,0.2353,116.8,309be050ccecffde1d91cbbdc2c131048ee17d8305027aac9f45bfcfe7169cac,16acc5235351540f546466efd6ad0658499748528f55fc6e1a326c9a60aa97a7
P1_HEK_40x_4_DIC,2796,2796,1,49,HEK,DIC,275.3,0.3668,104.0,deba2f613986fd5154d4583e77efb8f106d5402fe0239276d6c8d24f6e76487d,7ea9de903bcc2abc478baf83211d4ec62df6a144a8df9c73123fd9cb6701cf31
P1_HEK_40x_5_DIC,2796,2796,1,42,HEK,DIC,254.5,0.2425,123.7,367dce5680592db480c180a1f88e530d8bc6324358ad5dc7583c13fd441b7bf2,9f31b34bfa1f214a04b337d67f5b339ed4304daf11ef19f194f5a65a3d39958b
P1_HEK_40x_6_DIC,2796,2796,1,54,HEK,DIC,266.1,0.3483,92.1,dc89e346a719213f602f3bebd9175ffbd8f91ffbcbcadc3a71493d361b60c531,8e17ab2b0592af42208ce5f2f6bc9b0874385f13ca2d093c0bb0c1dc0508ae0a
P1_HEK_40x_7_DIC,2796,2796,1,48,HEK,DIC,256.0,0.3495,89.9,ca6830054d4bcbbd76e2407ccb0f90d5001d3821f214d54591e21317791949a9,542d446bcb648626a525c5f1cba8339229e35fef6f24afcd4690650e2e39402f
P1_HEK_40x_8_DIC,2796,2796,1,26,HEK,DIC,302.8,0.2334,100.1,3037cbda640cda1dc97e75e4bc5c8af7e8e7e5209fe4b08cef2dff0cc77038b8,2e52bf902d545c1e6b5e3ae2e55e24fa8dcf4c5783f258908c1aa2c946b076fb
P1_Hep_5_40xoir-C_3,1024,1024,1,36,unstated,other,138.5,0.5206,68.0,59dce5cdd5536ed81e29a7a490ad39cfc82c8e8c987eb6cb57ac579c3fd0b616,7214c49ba39e9135d91710c5d1004241a5306242d090bec46a1743a102432b92
P1_Hep_6_40xoir-C_3,1024,1024,1,49,unstated,other,106.6,0.5016,135.1,8dfd0382d8a3357ed28f7b421dfcd924165b58cad574ed6ae90d0673668527b4,fd4cbf02112409cb38625eac9c2d1cdb450654d1113a96a686c1929ef0b9100b
P1_Hep_siRNA_5_40xoir-C_3,1024,1024,1,23,unstated,other,98.3,0.3139,100.2,7f68f7c35014243afffeecb081f55c0a7f766ffafead06b52f0c9270797e9050,60e6546efff5aad1dd21fb27ef4e9039a87533411d29f5b4ca7f0f79755fba9a
P1_siRNA_1_40xoir-C_3,1024,1024,1,30,unstated,other,118.4,0.3087,94.8,70e741e9c0b0e8a6dfa07076e7219776eff98cfbe2c80921dd7151be88175dbf,fd8548210fb0b5df83b2c91e9f3f4d4df7c3a43eea1af1a09ffcbbb6cb915988
P1_siRNA_2_40xoir-C_3,1024,1024,1,30,unstated,other,133.6,0.4633,88.2,6c1b285ffcdbdf9ec0755c73e972cfb46e9722d3a796f55584bde849fd7e2c17,7a51225c8955d5a5430c221499d674bd509b3404909cc2c642a938b74396bd0c
P1_siRNA_HEK_40x_1_BF,2796,2796,1,62,HEK,BF,252.5,0.3338,95.8,5ee8f128bb3badd35292ebcb7b310a7436ea5ea1896719e7efeb8c9c60d21e29,f56261bee6628b0efb67cd5e93bb38b750f540c11dc65e70053b74635fb86e6e
P1_siRNA_HEK_40x_2_BF,2796,2796,1,55,HEK,BF,234.9,0.2972,77.6,c7f65d4487efc18107bda92e8e29403837ffeae6d400e2a62e07569093b2e626,01384448d923b2967191f96fffea7fe0173c31889406d8f360bc35c7d81f200c
P1_siRNA_HEK_40x_3_BF,2796,2796,1,41,HEK,BF,243.4,0.2426,92.9,7e9e4b938dbb7fed4d0636b5da2ec873622356399a4689585315e39f2a88b4a9,8867dd62382bb1a8b9c619185e2a715e9b8b0a0d4ca22d5bb9d14e181fc85dee
P1_siRNA_HEK_40x_4_DIC,2796,2796,1,44,HEK,DIC,251.9,0.2818,123.2,f32ab83788c6c064f3de5ad919f7136a7d7818674772fbd431a35166efc815d9,d51ba521961f27b2906770b12601b85b3fb6f9d0c92147d5c8945050aa42a481
P1_siRNA_HEK_40x_5_DIC,2796,2796,1,66,HEK,DIC,258.6,0.4632,150.6,3f82b5088960326fab3a830546cf484497c072c1dc915360ee5cf4f80cd7c2bf,d502585408985489cc1a24f4b6bf361be2e3bef98b00acf2addd071d0f279a00
P1_siRNA_HEK_40x_6_DIC,2796,2796,1,44,HEK,DIC,255.6,0.2785,102.1,ffb7d2f3946cee5d162b6b98776689fc6fdd28c9a6fc86e24095d483cbff9b96,69f403aff7abe1df4b03aa711d184effe7f8d56c3f70bcdb618cb696eefa12ca
P1_siRNA_HEK_40x_7_DIC,2796,2796,1,58,HEK,DIC,139.4,0.2335,127.6,5cb27132e2020dae20690dc006f609e8ef99e35b34ae369f099b719a8716fd14,82ea598ca95396fa4777c21d8e0a269fa113b8d4323731c4aaecefe3393bfcfe
P2_1_40xoir-C_3,1024,1024,1,44,unstated,other,107.1,0.6004,92.9,b473c5b385b978b3881cce1c4e49fd41103fc665703dbb2933cf2a1dd47985f5,b5c53460efa87aa4b4825603cd0960e9cdc5ca258a1b9ca1910381d0b13b1ff5
P2_2_40xoir-C_3,1024,1024,1,58,unstated,other,129.1,0.7317,96.4,f8c9635defa50ab5a529275b21062d4faafd243975a9d3a6c37cb3fdf2f5f62b,2cc4b2a590b7c9b14fd04307ada2786ba60d445519d624896f618c924ed557f9
P2_HEK_40x_4_DIC,2796,2796,1,47,HEK,DIC,257.1,0.3336,106.3,2f4c5f28810600287768e419f842f583d50b73f5e4d2d8538aa4649a94e6ad65,11a1e28abd1bdf834b6eccca46204c8c11dfd0ce395b5c50a5330590fb795e0e
P2_HEK_40x_6_DIC,2796,2796,1,35,HEK,DIC,260.6,0.2437,137.8,e8b48f75e965f1a5e7ec92c18eafa337eab9dd05e62946c9543a41d0fa5ad657,3c2b576a16fb453b9bed11dd3e7fd5825eb394a056aaa64d74aabcfa769dc63b
P2_HEK_40x_8_DIC,2796,2796,1,48,HEK,DIC,262.6,0.341,137.4,39486d5d003bd7fd00050f52e8cd6ea7a430b70ba7e54fee3f366ced6a5507da,4981bd5de4e77deac69606a0fe971cf1ee17e3746f7ccf2e5a7e68a78c5db2ab
P2_Hep_4_40xoir-C_3,1024,1024,1,41,unstated,other,118.0,0.5066,149.6,7e7619434f89c3e2234599aa433525f1eb54d9b51089e3340100c3c3d0d74538,f0488aaf7ac412bd969d05efa4a54958978536bc8b1a91f88c68f123a6c4bbb6
P2_Hep_5_40xoir-C_3,1024,1024,1,56,unstated,other,114.3,0.597,147.4,96c17767fa91e988b9fb06f656f05dc97c1d5d3d5e8888177db5c68bc8df4a0b,27762893fbc698ec041ecb2554d3d777ca74b4111dbf0a0d250f7a25a89908b3
P2_Hep_6_40xoir-C_3,1024,1024,1,77,unstated,other,109.7,0.7016,143.9,47cee055c040efaa0839529b3f5a778e1d4a4e3756a8379a7ceb21f11a37fea0,473f462bade27d74326dd7d4c354e8241e2b9d1618e630d788c1b19620e1c99f
P2_siRNA_1_40xoir-C_3,1024,1024,1,66,unstated,other,110.6,0.6531,77.7,c53294846cf994a64fe3f69be7a6de7ae34e337291908386517e7ed231bf749a,917fbec6b4971f48ab4d0193145ce86fa4800b159d57f4b2b28a7145273eb588
P2_siRNA_5_40xoir-C_3,1024,1024,1,65,unstated,other,113.7,0.7097,95.3,978539ea3f94f7654fa296440e0b12378fa59b2360765d15ecad937ae565d52a,2f4e06df37a7b5ec99ceeccaedd28a197a4a4a354d314ffae318a45fd8cb9f00
P2_siRNA_6_40xoir-C_3,1024,1024,1,50,unstated,other,127.0,0.6331,73.5,837843910875a4bb63f6687000dcf23a28b2e927a6990a5053c494db5d4c6d68,132b713ea036d5a3209d1b3f3eff17f7ba8c4e8a872f66938aec258b818defd0
P2_siRNA_HEK_40x_1_DIC,2796,2796,1,78,HEK,DIC,206.9,0.3362,116.3,5cb3f17b1c35391d964d79cbcbd1ed4b16ee727b2b55c7b5485ac8d1d0db7da5,4f415dd153937e73874aadbaf61f5200ab56f18824f76a5db938a85912c686b7
P2_siRNA_HEK_40x_2_DIC,2796,2796,1,55,HEK,DIC,231.8,0.3499,106.2,0789d4f67efa94d494f29e6662097fe5c8e24017af760c39944b5afde9ab7b23,55dd9452f1278942b8b89a2fa76b82881984eb1c00f4c332327a4eec0734e373
P2_siRNA_HEK_40x_3_DIC,2796,2796,1,62,HEK,DIC,212.2,0.2417,95.5,7de83dd77dfdffd3e7eda38e77b24e4c054393425d6f425575cbf173fbffa971,b5efafd2ed1f9f18f74fce91358f56cc0385b7ba35db6a40ace3de599fb22f17
P2_siRNA_HEK_40x_5_DIC,2796,2796,1,66,HEK,DIC,177.9,0.2451,96.9,f90eef5587d6519816659ab096fed76725c2686b351fc5db55f7e7ba1b22e84d,04eff0fea242dc66ae2656f09ac930a9be5620866b72a8df652f388d8da8ff2e
P2_siRNA_HEK_40x_7_DIC,2796,2796,1,59,HEK,DIC,200.8,0.3336,117.0,baeec39bd884607af24a45bd5a87efbfe831ccef58a3238179c47a1835accbd3,509a6d1b7ad10c25bf2de2f7a551bb6113af6c8249a75e62d60879ab5b6b87b2
P2_siRNA_Hep_4_40xoir-C_3,1024,1024,1,77,unstated,other,114.0,0.7538,85.8,8e3ae668045be0b97fe584aba676033faefafd242bbd7790ebb36bd2630fe6da,2652da5b65a223e65667b81a21f47631bc9c51b32b2ee2860a172c29ac8daa2e
P2_siRNA_Hep_5_40xoir-C_3,1024,1024,1,46,unstated,other,122.4,0.6498,101.6,aba837aae38a4e0eeaae5a9f48f4a7a718ac2d558a28862d21b60c70698e11a1,c86d23996dd5edcb7699674aee34d085a665e016e83673efca95d266eed11a4b
P2_siRNA_Hep_6_40xoir-C_3,1024,1024,1,59,unstated,other,116.0,0.6873,108.3,1ca2537ce87dbb2a6b42fe712baaf0b5da17d99cbb5deef0f065ff4f6f0b74d2,e2a12fd41a9d369d2cff34987a3c037f2843479e3ceb332bbf55d463ef76bb6e
P3_2_40xoir-C_3,1024,1024,1,16,unstated,other,174.1,0.4251,119.3,36cacb7afb873215a86c5f088b07f0c9a56862757c75490e0de88e104726c704,b84343898ae95fcab67d1c57e1ed502cac950dbb727f742455a3b703f92ea129
P3_3_40xoir-C_3,1024,1024,1,18,unstated,other,138.1,0.3322,116.0,5b474c92d7b47eb1216f5b0fd6a430adb255eef819d2c25c9e12998bb8f7b337,864f0752f26d7f485521c75e9f8b32518fafa0b01680a69954b162ecdcc7185a
P3_HEK_40x_4_BF,2796,2796,1,40,HEK,BF,225.6,0.2339,111.5,99d9c62e4016541f1309ec4f2a73749d87fab04a6463a47986079153c10dcdf4,ee0325064afa474e8a406210c624f1d6947fe29cb5312ca876ea75c311f8ab63
P3_HEK_40x_5_BF,2796,2796,1,36,HEK,BF,268.6,0.2658,127.9,126f61fc537f5e0caa5ce614284f87a560e5930db5d47a722713fa0d5d4a00a7,9db5c0639962f6537b788ae344d304f7089adf9c7c1cffbfdccc0b4cd9ac903b
P3_Hep_1_40xoir-C_3,1024,1024,1,35,unstated,other,115.1,0.395,92.0,a20a71c57bb7809b680148c2f85e36ba9e61457c5a2ff4c9b171cad8aaf0de1c,733b7850a69b50e93c4bedbf148d830baf2e79ae0c51cce2bd82067b1bfa99c5
P3_Hep_20x_1_BF,3440,3440,1,97,unstated,BF,294.7,0.6453,100.6,ef76c032361454eea81111cf2cee99815b24bfa6a3f0e0f587b93e66b0d89e37,43251cdce282160cb70489f998eb6cc38133b46854cdbb1028893dfa3c2e7d8b
P3_Hep_2_40xoir-C_3,1024,1024,1,20,unstated,other,143.8,0.4254,64.0,ea65b6c3a953d70d55321470c4a36c96152a31bca1906283e01acb04aa869609,267afaf9ed9cc0733b88c52dfee52fb141b818d6d2247f6a08b156a9cc86a003
P3_Hep_4_40xoir-C_3,1024,1024,1,40,unstated,other,128.8,0.5468,143.3,9e162f4fc61ca2696b4b0c1eb0e567cc5c1841c8cc31195aca49491d57fe547f,10c0f5765f5bcb0100dd2f296134878eb2516e15a6faa71388fb3b4f661f2a14
P3_Hep_siRNA_1_40xoir-C_3,1024,1024,1,41,unstated,other,122.4,0.5347,102.4,799a2461d6327f58c96179034677bfcd23205ec3596c3ce66698202d029047af,ddde7883907174b7ece76960af9a6ff7294e1157c12c62f71137647436fdb46d
P3_Hep_siRNA_2_40xoir-C_3,1024,1024,1,32,unstated,other,115.5,0.5121,118.4,2c11dacecfd0df61dc1fc47db1715ce8a650c4c6c44a1e19a5d052758735dc77,bcb65c244242daa439c5a579dd11f3a3136856d8ec7e4dc8ba7a318562a6eb2b
P3_Hep_siRNA_5_40xoir-C_3,1024,1024,1,39,unstated,other,138.9,0.6748,63.8,6262d262a66e78f859d4848eedda87c1964824cd4c201a9cbdd3f33d7a4ea226,8256a9f8ad26d9af918b5af6de2106a102b8418fae8c116ae54a1c9320e0df6b
P3_siRNA_3_40xoir-C_3,1024,1024,1,27,unstated,other,149.9,0.6301,112.4,f79440cb9a7d24cce9d1cf22cc1f762a714f56726e2ca736af0efee15a922e2b,24266223fa0d5712603479c598277fd43496f2e8be61d73481f0ec6f40cef1b0
P3_siRNA_4_40xoir-C_3,1024,1024,1,22,unstated,other,148.7,0.4917,90.8,09bc4d4739506857368ace759388e97cf996e9a5a945d83b3df47c7aad06dc8c,bdec8490e769969e79106988de4e42be328b6ef6c9e0349f3d79b248038949e2
P3_siRNA_5_40xoir-C_3,1024,1024,1,27,unstated,other,150.6,0.5492,114.3,83c82f97bb3e7459b52428b9190f0e15318aa4143ef36a5461e15e4097659b26,7313a2caa80834323ba4d37ae52ce48a3f8a4ea7f8590bb0903bed1b94050f13
P3_siRNA_6_40xoir-C_3,1024,1024,1,23,unstated,other,142.0,0.6681,102.0,39d8e827192e2870e65838251cf5df4c8160b8d038dbe4a962d603dc7822520d,0472fcc53b449808f4480a8f81ca9bf3c4cbc29cfb3e40b6dbb66c9e7e13ccb8
P3_siRNA_HEK_40x_1_BF,2796,2796,1,62,HEK,BF,200.0,0.2755,102.6,283e6d2f13bcb24def02e640d0f065ea876c90cb2a08d3acedf3026860cd2ed7,945c8bcbd4625111d4170394820ab2c0fbe9b04a20a896ece5ebdda1b30b08cf
P3_siRNA_HEK_40x_2_BF,2796,2796,1,60,HEK,BF,222.9,0.3211,107.6,dcb67d156100d07a45f8355fe8fe4097dbd7f72c4afb361cea9c566e8cd4568f,abc2bf2c3ff8766ba55cc5f70dcea9f3bcf9be5b8428715ee707ccf55d922fc2
P3_siRNA_HEK_40x_3_DIC,2796,2796,1,38,HEK,DIC,272.7,0.2402,79.4,794e4f77ea2dcbd345c2bee78cebdb127089da98280878017b25ce6959f7277b,ecc79c60031028fd6dd21f75edc2883fc758714fb7eba265518c6d8add642fed
P3_siRNA_HEK_40x_5_DIC,2796,2796,1,38,HEK,DIC,272.5,0.2356,119.2,65d72239141aefe93fc0b2ef7eba69029535f38b244402069f87c61d420036fe,0d45be52bf5f9a656a7bf868b5d86e3701e5cd0d86897dd1118bcb9c59b02b43
P3_siRNA_HEK_40x_7_DIC,2796,2796,1,35,HEK,DIC,291.5,0.371,145.5,9e2833e6e4f77eaa3c0f53669083ef97d0d44734631a88b3ccfd99d1ce569791,4bcc8315878b82eb8c277dfe9409bbd7484491cfd794ed752a48b033debf825a
P3_si_20x_1_BF,3440,3440,1,57,unstated,BF,299.4,0.3775,175.5,059fb3bcb4e1fd5a37378104f29aef86760e6ff6679ddcc882fa07d0ed1c83d4,62626aa0a9c5dc9212d907f576e2c2bf051560fb6ae53ceee70860c8e2eb0a54
P4_HEK_40x_1_BF,2796,2796,1,56,HEK,BF,254.2,0.3623,115.4,cbf91303637533b43df418954df8d4b33551e0d3656c39619ff58342f276207f,4f78ba629e1617919ce027e2c3bec968a5a7d80b330b61b7fbce55a4b6727dfc
P4_HEK_40x_7_DIC,2796,2796,1,39,HEK,DIC,240.1,0.2145,203.8,21b574122f9bfc5c15fcc1b151ef03ca3f25f84eed36682bba7868c3d8fd6157,1e5583d658c14eb0258edaa589ecc24cabb1696b6fc9fcd0480fd14c35a64e1b
P4_HUVEC_20x_1_DIC,2796,2796,1,87,HUVEC,DIC,232.2,0.4357,116.1,6b357bfe30104f001b3aa3ac447d5994cb996ffc7604b021692e43675122095d,fb89391a0b05f3ca42e5c7c649fd892b12353115d8a0bb12dc727d3e9c4fa1bb
P4_HUVEC_20x_DIC,2796,2796,1,53,HUVEC,DIC,248.1,0.3447,117.9,597a43c5c34fa56c68180702d5eb5626e9eea179864b211648c701cf435b31c1,c33fd263bf29624f8d41fc13ad19c0e682e348fe3cef57508e031a52f2a591ef
P4_Hep_20x_1_BF,3440,3440,1,62,unstated,BF,327.1,0.4387,171.0,24ebe2b533f5bf1c3440fdf8958829772f12d8d11de6868a01319d1f8dff9b3d,4ac0972af07f3fd3255b9a415411a601b9b3262b2ceabd4349c8fc0951c186ff
P4_Hep_HUVEC_20x_1_DIC,2796,2796,1,62,HUVEC,DIC,241.6,0.4771,48.6,329d3047236c548f6b5b2ab0693fbb0b29a20ceef2c75798164815def2af8321,4c75b3b3bdeea6b0535d628696ea3e3302e8e3ffc1046a306d8f6beb68e137cd
P4_Hep_HUVEC_20x_2_DIC,2796,2796,1,84,HUVEC,DIC,195.7,0.3487,111.4,7dbbb633ccbcddd8ea5a7007b2de608b73080c87c7872cfad47fbd0409bb2227,7be818611e5c8dd10bb0fe3897e2708653db5ee1cb081a4dd5a3624554203572
P4_Hep_HUVEC_20x_3_DIC,2796,2796,1,76,HUVEC,DIC,217.1,0.4538,43.0,8ba50d2fa82d315b67ba617235d51bf1803f197e0d62650507c42db4dbd04d8e,7e13b4f5f0c53d6499061a4d8eb1817fab9beb64ba32525f10fcf8c28dacc9db
P4_Hep_HUVEC_20x_4_DIC,2796,2796,1,52,HUVEC,DIC,198.5,0.4334,79.0,7a04e482c0a614a43b614cca1a2e8036c0e4a5c2b777b8b3261f6cdce93102c5,411ce9e9d374398cdd4e7880bde79805f3a727a4a3c67c18b588f2c8c147b7a5
P4_Hep_HUVEC_20x_5_DIC,2796,2796,1,62,HUVEC,DIC,209.1,0.3534,76.3,8cfeab745e7d62374ebc06faaad37c302853e1b09afb58f91640c5e991be430e,c528359076daa89d53c4bf109d4fa9a75cbf766ca94518e1f8ae213ef88d6a05
P4_Hep_HUVEC_20x_DIC,2796,2796,1,114,HUVEC,DIC,183.5,0.4398,132.8,4f94d6c4634cecf732c54311f62cd5b93de993388b9c37b1ffe06abefcec51a3,31c478f360762ddf0b530f6dad10d76cff2619a246f7771c05b521d44b1a81c4
P4_Hep_siRNA_HUVEC_20x_3_DIC,2796,2796,1,85,HUVEC,DIC,182.7,0.3884,66.6,3e2ecfb57f881bd03eb40fdc0088b71fc69abb7c0b9fd5d70a71931cffee19dd,7981533f986825b097342d8bd627b0a211441d3c85e21c451eec728dc00427e0
P4_Hep_siRNA_HUVEC_20x_4_DIC,2796,2796,1,35,HUVEC,DIC,194.5,0.3052,52.6,b13d23c75217116f48bf98c39a1cd6161e7dee36e8d5b1334fe6d193c766dd91,97323672591343ba8ceb142ca1931947eb088a353cf9aadd3fccd8c4f1a8ee53
P4_siRNA_HUVEC_20x_2_DIC,2796,2796,1,48,HUVEC,DIC,243.9,0.3351,110.0,e96df6e9e0c6ff5b619b71f20c73f45d34717c4f34a53a84a0428c032e900ecb,12e6576b03489decc1978310d8c9b925e742ebb5b3486534c3199b3dd322ad95
P4_siRNA_HUVEC_20x_5_DIC,2796,2796,1,31,HUVEC,DIC,244.2,0.2805,83.7,88521496943ea593a188a9a54632947e1adbc59442dd488d5bb3435cc3b996e1,7456183aa721087666383d2c4a5419caa4c506c711ef62a09f1287bf51410bd7
P4_si_20x_2_BF,3440,3440,1,112,unstated,BF,164.2,0.2064,52.5,3da5c1353329b14fce060b8ca8305c854f197738584f0d8641f2223755ab907a,7caf16f3574047948902a2bf5b9b350c9473cc43273424ad07e1ac5e6e282651
Polymer_Test_026,829,1094,1,63,unstated,other,60.1,0.212,130.1,aae878e74b27a0e001211e6450007b479060005edbb9a54e90f6d3f10fbb3668,ee9ebfb97368e179949156380cbd2d25c3113cb5e5c3cb5aa3ce4bc4a0c9aea1
Polymer_Test_146,753,1077,1,118,unstated,other,65.4,0.5356,137.5,c73dcd6236043c7f02f8d31fd855626b03818545e0a1d28a7920701834cdc68e,4f016a5cf9a99c1f03517f2a4d64b367128772c732a513219c9fbba69721d3d5
Polymer_Test_147,815,1165,1,79,unstated,other,64.5,0.2961,131.3,74d986baa6e8c62c17cb8a8e2441cae876ba2e57ed681e72be92b505c18c16bf,2e7b83ad0b42099f598b8d389d56f8b871a7fdcd0602855e9f658826114da7f3
Polymer_Test_149,825,1140,1,91,unstated,other,69.9,0.3948,132.8,f3eea66f2f7a60675fd353ceb5b60f0abc0a0845098249ad500d4ea28dc351d8,4405856a82c705301787f833447924c7fdb280ba5513a35ddbd0041bc9222218
Polymer_Test_150,986,1133,1,73,unstated,other,69.8,0.2755,106.4,5cf21b6352862254bb951a8dd3737eab49ac434e689f16310c76049879f29c13,0fed35a8dc64a91c99f63700d1605c62c425b5c571bb8b1867daf6979a8cd13f
Polymer_Test_164,830,1092,1,150,unstated,other,66.4,0.5791,128.8,dbe909ca7e83eaba032527aa98e95c47068ee0eadf390f880258ade1b10fa3c6,8ffa3657834ff2d1b632dfaa06f43eee3370f08e0c2d953cb7f985b615fdc855
Polymer_Test_165,669,967,1,217,unstated,other,50.1,0.7564,98.8,1e044593cfd4fa29a79a147a1901f5c9538bc31e3047c11b6d91a8a562810d4a,4cd743fa4722111041a7b3f33b0a5423681510db15d4cf8426526b2b56999b77
Polymer_Test_27,668,908,1,194,unstated,other,51.2,0.7148,111.8,783d06c0222189120e6ca11ddd6c17e557c425929bf0d8e05a86e2972b5cab9d,a088d53482612d3694c699a23afb6842548e5d9c73c229ca72689d6227a66b05
Polymer_Test_61,692,942,1,212,unstated,other,57.1,0.896,125.0,2de4e2e61c7062e6da74634bbacbb33eceac384053f0c2ab8f967a601be36be2,352cdfafacf09531754f1bfcc8ff590e5c42b1b7d1aff2b4bc6f6a799cbbe009
