target,ref,acc_t,e_r,o,f,kappa,logOR,auroc,auroc_ci,recall5,recall5_ci,recall5_norm,confirmatory
cpsam,cpsam_ft_s1,0.9503,0.0478,0.8233,0.0073,0.8304,6.4493,0.7879,"[0.7252, 0.8384]",0.5533,"[0.4904, 0.6033]",0.5533,True
cpsam,cpsam_ft_s2,0.9503,0.0474,0.8367,0.0061,0.8494,6.7274,0.79,"[0.7313, 0.8374]",0.53,"[0.4656, 0.5882]",0.53,True
cpsam,cpsam_ft_s3,0.9503,0.0482,0.8333,0.0071,0.8381,6.5439,0.736,"[0.6492, 0.8107]",0.5333,"[0.4686, 0.5899]",0.5333,True
cpsam,cyto3,0.9503,0.1079,0.6,0.0822,0.3328,2.8179,0.8662,"[0.8246, 0.9008]",0.6067,"[0.5144, 0.6731]",0.6067,True
cpsam,livecell_cp3,0.9503,0.53,0.6567,0.5233,0.0239,0.555,0.7508,"[0.6899, 0.8073]",0.0533,"[0.0259, 0.0875]",0.0533,True
cpsam,msam_ais,0.9503,0.1483,0.46,0.1321,0.1689,1.7226,0.8977,"[0.8609, 0.9309]",0.55,"[0.4732, 0.6257]",0.55,True
cpsam,cellsam,0.9503,0.2785,0.6633,0.2584,0.1272,1.7327,0.8274,"[0.7641, 0.8816]",0.4533,"[0.3137, 0.5816]",0.4533,True
cpsam_ft_s1,cpsam,0.9522,0.0497,0.8547,0.0092,0.8304,6.4493,0.7994,"[0.7465, 0.8466]",0.5121,"[0.4444, 0.578]",0.5121,True
cpsam_ft_s1,cpsam_ft_s2,0.9522,0.0474,0.917,0.0037,0.9178,8.0106,0.7846,"[0.7361, 0.8285]",0.4533,"[0.3807, 0.5346]",0.4533,True
cpsam_ft_s1,cpsam_ft_s3,0.9522,0.0482,0.917,0.0045,0.9094,7.7962,0.7684,"[0.716, 0.8178]",0.474,"[0.3839, 0.5591]",0.474,True
cpsam_ft_s1,cyto3,0.9522,0.1079,0.6159,0.0824,0.3342,2.8822,0.8739,"[0.8412, 0.9037]",0.5536,"[0.4685, 0.6266]",0.5536,True
cpsam_ft_s1,livecell_cp3,0.9522,0.53,0.6644,0.5232,0.0244,0.5899,0.7138,"[0.6594, 0.7678]",0.0554,"[0.0269, 0.0906]",0.0554,True
cpsam_ft_s1,msam_ais,0.9522,0.1483,0.4325,0.1341,0.1494,1.5939,0.9047,"[0.8674, 0.9371]",0.4983,"[0.4306, 0.5682]",0.4983,True
cpsam_ft_s1,cellsam,0.9522,0.2785,0.6436,0.2601,0.1166,1.6363,0.8396,"[0.7875, 0.8851]",0.4256,"[0.2856, 0.519]",0.4256,True
cpsam_ft_s2,cpsam,0.9526,0.0497,0.8776,0.0085,0.8494,6.7274,0.8054,"[0.749, 0.8541]",0.514,"[0.434, 0.5774]",0.514,True
cpsam_ft_s2,cpsam_ft_s1,0.9526,0.0478,0.9266,0.0042,0.9178,8.0106,0.7736,"[0.7233, 0.8192]",0.451,"[0.3779, 0.5305]",0.451,True
cpsam_ft_s2,cpsam_ft_s3,0.9526,0.0482,0.9406,0.0038,0.929,8.3243,0.8014,"[0.7526, 0.842]",0.465,"[0.3823, 0.54]",0.465,True
cpsam_ft_s2,cyto3,0.9526,0.1079,0.6049,0.0832,0.3244,2.8249,0.876,"[0.8413, 0.9042]",0.5874,"[0.5, 0.6572]",0.5874,True
cpsam_ft_s2,livecell_cp3,0.9526,0.53,0.6678,0.5231,0.0248,0.6059,0.7306,"[0.6693, 0.7823]",0.0524,"[0.0271, 0.0915]",0.0524,True
cpsam_ft_s2,msam_ais,0.9526,0.1483,0.4476,0.1335,0.156,1.66,0.9128,"[0.875, 0.9451]",0.528,"[0.4488, 0.6019]",0.528,True
cpsam_ft_s2,cellsam,0.9526,0.2785,0.6434,0.2603,0.1154,1.6342,0.8437,"[0.787, 0.8925]",0.451,"[0.2963, 0.5598]",0.451,True
cpsam_ft_s3,cpsam,0.9518,0.0497,0.8591,0.0087,0.8381,6.5439,0.762,"[0.6892, 0.8254]",0.5086,"[0.4431, 0.5769]",0.5086,True
cpsam_ft_s3,cpsam_ft_s1,0.9518,0.0478,0.9107,0.0042,0.9094,7.7962,0.7626,"[0.7035, 0.8179]",0.4914,"[0.407, 0.5644]",0.4914,True
cpsam_ft_s3,cpsam_ft_s2,0.9518,0.0474,0.9244,0.003,0.929,8.3243,0.8097,"[0.7641, 0.8471]",0.4811,"[0.4012, 0.556]",0.4811,True
cpsam_ft_s3,cyto3,0.9518,0.1079,0.6289,0.0816,0.3444,2.9484,0.872,"[0.8389, 0.9021]",0.5533,"[0.4622, 0.6349]",0.5533,True
cpsam_ft_s3,livecell_cp3,0.9518,0.53,0.6667,0.523,0.025,0.6009,0.7371,"[0.678, 0.7891]",0.0481,"[0.0231, 0.0849]",0.0481,True
cpsam_ft_s3,msam_ais,0.9518,0.1483,0.457,0.1327,0.1632,1.7049,0.8886,"[0.8444, 0.9278]",0.4914,"[0.403, 0.571]",0.4914,True
cpsam_ft_s3,cellsam,0.9518,0.2785,0.6564,0.2593,0.1214,1.6965,0.8309,"[0.7738, 0.8831]",0.4124,"[0.2757, 0.5155]",0.4124,True
cyto3,cpsam,0.8921,0.0497,0.2761,0.0223,0.3328,2.8179,0.9046,"[0.877, 0.9306]",0.3236,"[0.2412, 0.4848]",0.6987,True
cyto3,cpsam_ft_s1,0.8921,0.0478,0.273,0.0206,0.3342,2.8822,0.9128,"[0.8893, 0.9377]",0.3497,"[0.2649, 0.499]",0.755,True
cyto3,cpsam_ft_s2,0.8921,0.0474,0.2653,0.021,0.3244,2.8249,0.9098,"[0.8837, 0.9359]",0.3405,"[0.2585, 0.4873]",0.7351,True
cyto3,cpsam_ft_s3,0.8921,0.0482,0.2807,0.02,0.3444,2.9484,0.9163,"[0.8918, 0.9402]",0.3543,"[0.2694, 0.5046]",0.7649,True
cyto3,livecell_cp3,0.8921,0.53,0.6258,0.5184,0.0395,0.4406,0.6704,"[0.6276, 0.7107]",0.0445,"[0.0269, 0.0682]",0.096,True
cyto3,msam_ais,0.8921,0.1483,0.3129,0.1284,0.1584,1.1282,0.8894,"[0.8585, 0.9182]",0.2669,"[0.1806, 0.3771]",0.5762,True
cyto3,cellsam,0.8921,0.2785,0.6426,0.2344,0.2409,1.7704,0.7576,"[0.7038, 0.8056]",0.1887,"[0.1346, 0.2512]",0.4073,True
livecell_cp3,cpsam,0.47,0.0497,0.0615,0.0363,0.0239,0.555,0.9457,"[0.9184, 0.9675]",0.0931,"[0.0734, 0.1199]",0.9868,True
livecell_cp3,cpsam_ft_s1,0.47,0.0478,0.06,0.0342,0.0244,0.5899,0.945,"[0.9205, 0.9675]",0.0931,"[0.0737, 0.1188]",0.9868,True
livecell_cp3,cpsam_ft_s2,0.47,0.0474,0.0597,0.0335,0.0248,0.6059,0.9469,"[0.9236, 0.9681]",0.0934,"[0.0737, 0.1193]",0.9901,True
livecell_cp3,cpsam_ft_s3,0.47,0.0482,0.0606,0.0342,0.025,0.6009,0.9488,"[0.9252, 0.9702]",0.0937,"[0.0738, 0.1197]",0.9934,True
livecell_cp3,cyto3,0.47,0.1079,0.1275,0.0859,0.0395,0.4406,0.9205,"[0.881, 0.9542]",0.094,"[0.074, 0.1204]",0.9967,True
livecell_cp3,msam_ais,0.47,0.1483,0.1531,0.143,0.0096,0.0799,0.9369,"[0.8916, 0.9707]",0.0928,"[0.0731, 0.1184]",0.9834,True
livecell_cp3,cellsam,0.47,0.2785,0.3674,0.1782,0.1836,0.9849,0.9034,"[0.855, 0.9433]",0.0922,"[0.0732, 0.1176]",0.9768,True
msam_ais,cpsam,0.8517,0.0497,0.154,0.0315,0.1689,1.7226,0.9392,"[0.917, 0.9604]",0.2321,"[0.1771, 0.3284]",0.6887,True
msam_ais,cpsam_ft_s1,0.8517,0.0478,0.1395,0.0319,0.1494,1.5939,0.939,"[0.9081, 0.9628]",0.2489,"[0.1883, 0.3463]",0.7384,True
msam_ais,cpsam_ft_s2,0.8517,0.0474,0.1429,0.0307,0.156,1.66,0.9389,"[0.9085, 0.9629]",0.2467,"[0.188, 0.3407]",0.7318,True
msam_ais,cpsam_ft_s3,0.8517,0.0482,0.1484,0.0307,0.1632,1.7049,0.9372,"[0.9055, 0.9613]",0.2467,"[0.1887, 0.3457]",0.7318,True
msam_ais,cyto3,0.8517,0.1079,0.2277,0.0871,0.1584,1.1282,0.8894,"[0.8484, 0.926]",0.2366,"[0.1798, 0.3382]",0.702,True
msam_ais,livecell_cp3,0.8517,0.53,0.5469,0.527,0.0096,0.0799,0.7272,"[0.6605, 0.79]",0.0446,"[0.0301, 0.0654]",0.1325,True
msam_ais,cellsam,0.8517,0.2785,0.731,0.1997,0.3901,2.3883,0.7732,"[0.7116, 0.833]",0.1931,"[0.1338, 0.2864]",0.5728,True
cellsam,cpsam,0.7215,0.0497,0.1183,0.0232,0.1272,1.7327,0.9475,"[0.9263, 0.9672]",0.1522,"[0.1168, 0.2087]",0.8477,True
cellsam,cpsam_ft_s1,0.7215,0.0478,0.1106,0.0236,0.1166,1.6363,0.9403,"[0.9046, 0.9678]",0.1552,"[0.1191, 0.215]",0.8642,True
cellsam,cpsam_ft_s2,0.7215,0.0474,0.1094,0.0234,0.1154,1.6342,0.9415,"[0.9139, 0.9663]",0.1546,"[0.1181, 0.2101]",0.8609,True
cellsam,cpsam_ft_s3,0.7215,0.0482,0.1136,0.0229,0.1214,1.6965,0.9355,"[0.8982, 0.9657]",0.1552,"[0.1195, 0.2147]",0.8642,True
cellsam,cyto3,0.7215,0.1079,0.2491,0.0535,0.2409,1.7704,0.8662,"[0.8254, 0.9044]",0.1677,"[0.1259, 0.2303]",0.9338,True
cellsam,livecell_cp3,0.7215,0.53,0.6992,0.4647,0.1836,0.9849,0.6862,"[0.633, 0.7396]",0.0707,"[0.0583, 0.0871]",0.394,True
cellsam,msam_ais,0.7215,0.1483,0.3894,0.0553,0.3901,2.3883,0.9154,"[0.8894, 0.9398]",0.154,"[0.1178, 0.2097]",0.8576,True
