a,b,acc_a,acc_b,kappa,kappa_norm,logOR,Q,kappa_ci,logOR_ci,Q_ci
cpsam,cpsam_ft_s1,0.9503,0.9522,0.8304,0.8471,6.4493,0.9968,"[0.7809, 0.8727]","[5.9145, 7.1505]","[0.9946, 0.9984]"
cpsam,cpsam_ft_s2,0.9503,0.9526,0.8494,0.8712,6.7274,0.9976,"[0.8021, 0.8908]","[6.1495, 7.4421]","[0.9957, 0.9988]"
cpsam,cpsam_ft_s3,0.9503,0.9518,0.8381,0.8517,6.5439,0.9971,"[0.7917, 0.8775]","[6.0117, 7.2286]","[0.9951, 0.9986]"
cpsam,cyto3,0.9503,0.8921,0.3328,0.5516,2.8179,0.8873,"[0.2782, 0.3845]","[2.4351, 3.2848]","[0.8389, 0.9278]"
cpsam,livecell_cp3,0.9503,0.47,0.0239,0.2696,0.555,0.2706,"[-0.0022, 0.0672]","[-0.072, 1.0801]","[-0.036, 0.493]"
cpsam,msam_ais,0.9503,0.8517,0.1689,0.3659,1.7226,0.6969,"[0.1067, 0.2296]","[1.2854, 2.1441]","[0.5667, 0.7902]"
cpsam,cellsam,0.9503,0.7215,0.1272,0.5334,1.7327,0.6995,"[0.0715, 0.2099]","[1.3015, 2.1808]","[0.5722, 0.797]"
cpsam_ft_s1,cpsam_ft_s2,0.9522,0.9526,0.9178,0.9229,8.0106,0.9993,"[0.8797, 0.9439]","[7.4073, 8.7543]","[0.9988, 0.9997]"
cpsam_ft_s1,cpsam_ft_s3,0.9522,0.9518,0.9094,0.9128,7.7962,0.9992,"[0.8717, 0.9414]","[7.2205, 8.7557]","[0.9985, 0.9997]"
cpsam_ft_s1,cyto3,0.9522,0.8921,0.3342,0.5694,2.8822,0.8939,"[0.2779, 0.3894]","[2.5231, 3.3104]","[0.8515, 0.9296]"
cpsam_ft_s1,livecell_cp3,0.9522,0.47,0.0244,0.2859,0.5899,0.2867,"[-0.0002, 0.0628]","[-0.0095, 1.1079]","[-0.0047, 0.5035]"
cpsam_ft_s1,msam_ais,0.9522,0.8517,0.1494,0.3337,1.5939,0.6623,"[0.0885, 0.2163]","[1.0968, 2.0769]","[0.4993, 0.7773]"
cpsam_ft_s1,cellsam,0.9522,0.7215,0.1166,0.506,1.6363,0.6741,"[0.0613, 0.2]","[1.1554, 2.1262]","[0.521, 0.7869]"
cpsam_ft_s2,cpsam_ft_s3,0.9526,0.9518,0.929,0.9376,8.3243,0.9995,"[0.8944, 0.9561]","[7.5764, 9.3393]","[0.999, 0.9998]"
cpsam_ft_s2,cyto3,0.9526,0.8921,0.3244,0.5571,2.8249,0.888,"[0.2719, 0.3744]","[2.4497, 3.2157]","[0.8411, 0.9228]"
cpsam_ft_s2,livecell_cp3,0.9526,0.47,0.0248,0.2933,0.6059,0.294,"[-0.0008, 0.0646]","[-0.0328, 1.1314]","[-0.0164, 0.5122]"
cpsam_ft_s2,msam_ais,0.9526,0.8517,0.156,0.3513,1.66,0.6805,"[0.0948, 0.2204]","[1.1514, 2.1267]","[0.5195, 0.7869]"
cpsam_ft_s2,cellsam,0.9526,0.7215,0.1154,0.5057,1.6342,0.6735,"[0.0607, 0.1966]","[1.1432, 2.1139]","[0.5165, 0.7845]"
cpsam_ft_s3,cyto3,0.9518,0.8921,0.3444,0.584,2.9484,0.9004,"[0.2876, 0.3986]","[2.5657, 3.3519]","[0.8572, 0.9323]"
cpsam_ft_s3,livecell_cp3,0.9518,0.47,0.025,0.2908,0.6009,0.2917,"[-0.0011, 0.065]","[-0.0295, 1.1295]","[-0.0147, 0.5115]"
cpsam_ft_s3,msam_ais,0.9518,0.8517,0.1632,0.3625,1.7049,0.6923,"[0.0975, 0.2308]","[1.1974, 2.2115]","[0.5361, 0.8026]"
cpsam_ft_s3,cellsam,0.9518,0.7215,0.1214,0.5237,1.6965,0.6901,"[0.0663, 0.204]","[1.2147, 2.1855]","[0.5423, 0.7979]"
cyto3,livecell_cp3,0.8921,0.47,0.0395,0.2038,0.4406,0.2168,"[-0.0008, 0.0993]","[-0.0093, 0.9253]","[-0.0047, 0.4323]"
cyto3,msam_ais,0.8921,0.8517,0.1584,0.1932,1.1282,0.511,"[0.1041, 0.2166]","[0.7668, 1.5876]","[0.3656, 0.6606]"
cyto3,cellsam,0.8921,0.7215,0.2409,0.5047,1.7704,0.709,"[0.1552, 0.3512]","[1.3596, 2.301]","[0.5914, 0.8179]"
livecell_cp3,msam_ais,0.47,0.8517,0.0096,0.036,0.0799,0.0399,"[-0.0711, 0.0929]","[-0.6003, 0.7563]","[-0.2914, 0.3611]"
livecell_cp3,cellsam,0.47,0.7215,0.1836,0.36,0.9849,0.4562,"[0.0449, 0.3354]","[0.2662, 1.6856]","[0.1323, 0.6873]"
msam_ais,cellsam,0.8517,0.7215,0.3901,0.6272,2.3883,0.8319,"[0.3269, 0.4529]","[2.0414, 2.8314]","[0.7701, 0.8887]"
msam_ais,msam_amg,0.8517,0.7005,0.3954,0.6829,2.5416,0.854,"[0.3208, 0.451]","[2.1732, 3.0302]","[0.7956, 0.9078]"
cpsam,cpsam_ft0,0.9503,0.9555,0.9428,1.0,11.495,1.0,"[0.9098, 0.9672]","[11.0288, 12.0089]","[1.0, 1.0]"
cyto3,cyto3_gtd,0.8921,0.9002,0.8089,0.8457,5.5286,0.9921,"[0.7735, 0.8399]","[5.1557, 5.9693]","[0.9885, 0.9949]"
